-- IPCR Database Dump
SET FOREIGN_KEY_CHECKS=0;
-- Generated via python_dump.py

DROP TABLE IF EXISTS `tbl_academic_terms`;
CREATE TABLE `tbl_academic_terms` (
  `term_id` int NOT NULL AUTO_INCREMENT,
  `academic_year` varchar(20) NOT NULL,
  `semester` varchar(20) NOT NULL,
  `deadline_date` date DEFAULT NULL,
  `is_active` tinyint(1) DEFAULT '0',
  PRIMARY KEY (`term_id`)
) ENGINE=InnoDB AUTO_INCREMENT=12 DEFAULT CHARSET=utf8mb4 COLLATE=utf8mb4_general_ci;

INSERT INTO `tbl_academic_terms` (`term_id`, `academic_year`, `semester`, `deadline_date`, `is_active`) VALUES
(1, '2025-2026', '1st Semester', '2026-07-30', 0),
(2, '2026-2027', '1st Semester', '2027-06-30', 0),
(3, '2026-2027', '2nd Semester', '2027-12-30', 0),
(4, '2027-2028', '1st Semester', '2028-12-15', 0),
(5, '2027-2028', '2nd Semester', '2028-01-30', 0),
(6, '2028-2029', '1st Semester', '2028-12-22', 0),
(7, '2029-2030', '1st Semester', '2029-12-17', 0),
(8, '2029-2030', '2nd Semester', '2030-06-30', 0),
(9, '2030-2031', '1st Semester', '2026-07-14', 0),
(10, '2030-2031', '2nd Semester', '2030-07-18', 0),
(11, '2030-2031', '2nd Semester', '2031-07-18', 1);

DROP TABLE IF EXISTS `tbl_addselect_targets`;
CREATE TABLE `tbl_addselect_targets` (
  `selection_id` int NOT NULL AUTO_INCREMENT,
  `emp_id` int NOT NULL,
  `indicator_id` int NOT NULL,
  `target_source` varchar(50) NOT NULL COMMENT 'e.g., Research Menu, Designation',
  PRIMARY KEY (`selection_id`),
  KEY `fk_addselect_emp` (`emp_id`),
  KEY `fk_addselect_ind` (`indicator_id`),
  CONSTRAINT `fk_addselect_emp` FOREIGN KEY (`emp_id`) REFERENCES `tbl_employee_profiles` (`emp_id`) ON DELETE CASCADE,
  CONSTRAINT `fk_addselect_ind` FOREIGN KEY (`indicator_id`) REFERENCES `tbl_master_indicators` (`indicator_id`) ON DELETE CASCADE
) ENGINE=InnoDB DEFAULT CHARSET=utf8mb4 COLLATE=utf8mb4_general_ci;

DROP TABLE IF EXISTS `tbl_audit_logs`;
CREATE TABLE `tbl_audit_logs` (
  `log_id` int NOT NULL AUTO_INCREMENT,
  `log_timestamp` datetime DEFAULT CURRENT_TIMESTAMP,
  `actor_id` varchar(50) DEFAULT NULL,
  `action_type` varchar(100) NOT NULL,
  `action_details` text NOT NULL,
  `ip_address` varchar(45) DEFAULT NULL,
  PRIMARY KEY (`log_id`)
) ENGINE=InnoDB AUTO_INCREMENT=44 DEFAULT CHARSET=utf8mb4 COLLATE=utf8mb4_general_ci;

INSERT INTO `tbl_audit_logs` (`log_id`, `log_timestamp`, `actor_id`, `action_type`, `action_details`, `ip_address`) VALUES
(1, '2026-04-03 12:26:07', '3', 'Emergency Password Reset', 'Password reset to default for emp_id: 4', '127.0.0.1'),
(2, '2026-04-03 12:44:41', '3', 'Emergency Password Reset', 'Temporary password issued for emp_id: 4', '127.0.0.1'),
(3, '2026-04-03 15:13:18', '3', 'Emergency Password Reset', 'Temporary password issued for emp_id: 4', '127.0.0.1'),
(4, '2026-04-04 00:51:27', '3', 'Emergency Password Reset', 'Temporary password issued for emp_id: 4', '127.0.0.1'),
(5, '2026-04-04 01:01:41', '3', 'CSV Roster Import', 'Import complete: 5 added, 1 updated, 0 unchanged.', '127.0.0.1'),
(6, '2026-04-07 07:36:27', '3', 'CSV Roster Import', 'Import complete: 5 added, 1 updated, 0 unchanged.', '127.0.0.1'),
(7, '2026-04-14 03:09:50', '3', 'CSV Roster Import', 'Import complete: 4 added, 1 updated, 1 unchanged.', '127.0.0.1'),
(8, '2026-05-11 15:54:00', '3', 'Term Opened', 'New term opened: 2027-2028 1st Semester (Deadline: 2028-12-15)', '127.0.0.1'),
(9, '2026-05-13 02:37:25', '3', 'Term Opened', 'New term opened: 2027-2028 2nd Semester (Deadline: 2028-01-30)', '127.0.0.1'),
(10, '2026-06-10 01:30:46', '3', 'Term Opened', 'New term opened: 2028-2029 1st Semester (Deadline: 2028-12-22)', '127.0.0.1'),
(11, '2026-06-17 07:33:33', '3', 'Term Opened', 'New term opened: 2029-2030 1st Semester (Deadline: 2029-12-17)', '127.0.0.1'),
(12, '2026-06-23 17:47:58', '3', 'Emergency Password Reset', 'Temporary password issued for emp_id: 4', '127.0.0.1'),
(13, '2026-06-23 20:13:48', '3', 'Emergency Password Reset', 'Temporary password issued for emp_id: 51', '127.0.0.1'),
(14, '2026-06-24 09:23:50', '3', 'Emergency Password Reset', 'Temporary password issued for emp_id: 53', '127.0.0.1'),
(15, '2026-06-24 10:50:43', '3', 'Emergency Password Reset', 'Temporary password issued for emp_id: 49', '127.0.0.1'),
(16, '2026-06-24 11:14:30', '3', 'Emergency Password Reset', 'Temporary password issued for emp_id: 81', '127.0.0.1'),
(17, '2026-06-24 11:21:24', '3', 'Emergency Password Reset', 'Temporary password issued for emp_id: 52', '127.0.0.1'),
(18, '2026-06-25 11:58:49', '3', 'Emergency Password Reset', 'Temporary password issued for emp_id: 49', '127.0.0.1'),
(19, '2026-06-25 12:00:56', '3', 'Emergency Password Reset', 'Temporary password issued for emp_id: 53', '127.0.0.1'),
(20, '2026-06-25 13:24:59', '4', 'DEAN_REVIEW_REJECTED', 'Dean 4 rejected draft IPCR (review #1). Remarks: EHH', '127.0.0.1'),
(21, '2026-06-25 13:56:21', '4', 'DEAN_REVIEW_REJECTED', 'Dean 4 rejected draft IPCR (review #2). Remarks: Ayaw ko pangit', '127.0.0.1'),
(22, '2026-06-25 13:59:03', '4', 'DEAN_REVIEW_REJECTED', 'Dean 4 rejected draft IPCR (review #3). Remarks: Missing', '127.0.0.1'),
(23, '2026-06-25 14:09:15', '3', 'Emergency Password Reset', 'Temporary password issued for emp_id: 46', '127.0.0.1'),
(24, '2026-06-25 14:09:57', '4', 'DEAN_REVIEW_APPROVED', 'Dean 4 approved draft IPCR (review #4). Remarks: Test', '127.0.0.1'),
(25, '2026-06-25 14:09:58', '4', 'DEAN_REVIEW_REJECTED', 'Dean 4 rejected draft IPCR (review #4). Remarks: Test', '127.0.0.1'),
(26, '2026-06-25 14:19:41', '4', 'DEAN_REVIEW_REJECTED', 'Dean 4 rejected draft IPCR (review #5). Remarks: Test', '127.0.0.1'),
(27, '2026-06-25 14:26:26', '4', 'DEAN_REVIEW_REJECTED', 'Dean 4 rejected draft IPCR (review #6). Remarks: Ts is ass', '127.0.0.1'),
(28, '2026-06-25 15:40:42', '3', 'Emergency Password Reset', 'Temporary password issued for emp_id: 52', '127.0.0.1'),
(29, '2026-06-28 05:01:54', '3', 'Term Opened', 'New term opened: 2029-2030 2nd Semester (Deadline: 2030-06-30)', '127.0.0.1'),
(30, '2026-06-28 06:16:26', '4', 'DEAN_REVIEW_REJECTED', 'Dean 4 rejected draft IPCR (review #7). Remarks: sample returm', '127.0.0.1'),
(31, '2026-07-14 13:53:00', '3', 'Term Opened', 'New term opened: 2030-2031 1st Semester (Deadline: 2026-07-14)', '127.0.0.1'),
(32, '2026-07-18 02:02:25', '3', 'Term Opened', 'New term opened: 2030-2031 2nd Semester (Deadline: 2030-07-18)', '127.0.0.1'),
(33, '2026-07-18 02:02:44', '3', 'Term Opened', 'New term opened: 2030-2031 2nd Semester (Deadline: 2031-07-18)', '127.0.0.1'),
(34, '2026-07-18 02:52:01', '3', 'Emergency Password Reset', 'Temporary password issued for emp_id: 4', '127.0.0.1'),
(35, '2026-07-18 02:55:55', '3', 'Emergency Password Reset', 'Temporary password issued for emp_id: 52', '127.0.0.1'),
(36, '2026-07-18 10:24:20', '3', 'Emergency Password Reset', 'Temporary password issued for emp_id: 83', '127.0.0.1'),
(37, '2026-07-18 10:36:56', '4', 'DEAN_REVIEW_REJECTED', 'Dean 4 rejected draft IPCR (review #8). Remarks: tite', '127.0.0.1'),
(38, '2026-07-18 10:40:21', '4', 'DEAN_REVIEW_APPROVED', 'Dean 4 approved draft IPCR (review #9). Remarks: ', '127.0.0.1'),
(39, '2026-07-18 10:46:30', '3', 'Emergency Password Reset', 'Temporary password issued for emp_id: 94', '127.0.0.1'),
(40, '2026-07-19 05:23:52', '3', 'Emergency Password Reset', 'Temporary password issued for emp_id: 86', '127.0.0.1'),
(41, '2026-07-19 07:09:09', '3', 'Emergency Password Reset', 'Temporary password issued for emp_id: 87', '127.0.0.1'),
(42, '2026-07-19 08:11:50', '3', 'Emergency Password Reset', 'Temporary password issued for emp_id: 88', '127.0.0.1'),
(43, '2026-07-19 08:46:29', '3', 'Emergency Password Reset', 'Temporary password issued for emp_id: 91', '127.0.0.1');

DROP TABLE IF EXISTS `tbl_auth_credentials`;
CREATE TABLE `tbl_auth_credentials` (
  `emp_id` int NOT NULL,
  `corporate_email` varchar(150) NOT NULL,
  `password_hash` varchar(255) NOT NULL,
  `last_login` datetime DEFAULT NULL,
  `verification_status` enum('PENDING','APPROVED','REJECTED') DEFAULT 'PENDING',
  PRIMARY KEY (`emp_id`),
  UNIQUE KEY `corporate_email` (`corporate_email`),
  CONSTRAINT `fk_auth_emp` FOREIGN KEY (`emp_id`) REFERENCES `tbl_employee_profiles` (`emp_id`)
) ENGINE=InnoDB DEFAULT CHARSET=utf8mb4 COLLATE=utf8mb4_general_ci;

INSERT INTO `tbl_auth_credentials` (`emp_id`, `corporate_email`, `password_hash`, `last_login`, `verification_status`) VALUES
(3, 'chesterd0328@gmail.com', '$2b$12$NNRo4g69dgxlQMZkXz4qN.xQceSlwR4A1irO6QUI7I85USKpbdzSO', NULL, 'APPROVED'),
(4, 'sample@mail.com', '$2b$12$RW/TIsoMDblouTOCiR7xW.iz/DwoZsEAf1CRjXO9IGIp5n/4iNSP.', NULL, 'APPROVED'),
(49, 'retchair@mail.com', '$2b$12$Qyg/Kvki0LKGBJGiXvpJLOIdGnTfQ6SzUKjWmywkxUSDPGnERjFGm', NULL, 'APPROVED'),
(50, 'ret@mail.com', '$2b$12$djw3aPIhOyNgBmsVl4Vv.OrRgTW/xAAtpfc.IhWa66mfa5Ew8bvCi', NULL, 'APPROVED'),
(51, 'fac@mail.com', '$2b$12$yU6KLayZ/I4G6WiGW1v1Z.oMMLS6nnvWo7.VLP3dqI76nomk9xlu2', NULL, 'APPROVED'),
(52, 'wst@mail.com', '$2b$12$awEWUvq61JAEWzucgShqTu6OldQKBKPBSxv3CIRShasn6bqMmstHO', NULL, 'APPROVED'),
(53, 'wstfac@mail.com', '$2b$12$gUL6PXRXbcRUXpUE5Om69.LW5xs.IQ4pEPIG86p5Tl7znc8npNFzS', NULL, 'APPROVED'),
(63, 'maambensi@mail.com', '$2b$12$miXgUFBVa6hPYQOIoLwnRuxv2LEJABkgVAdm.AsvnhpzD8fHtdaca', NULL, 'APPROVED'),
(64, 'desfac@gmail.com', '$2b$12$.tnQAJYbnV2eSKDKWdtI.ec34mWIzR3FnYnrHkg1IcCFYIMwSPmfS', NULL, 'APPROVED'),
(76, 'wstprog@mail.com', '$2b$12$8MIF7Dg2z/oYWZk2AGGjhunFJm05DVrhZSxXI4dO9BcWgxKk8FovW', NULL, 'APPROVED'),
(81, 'wsttest@mail.com', '$2b$12$7WZvkd6/71hjNcqjy.6w6.fpMc1WzM6gylOHQFfFbU6qQfQWw382G', NULL, 'APPROVED'),
(83, 'test2@mail.com', '$2b$12$79LdffCrw2oqdc23hzR3wOvAbAXBFKTJn8n/1iCohxtqd1F2BE2K.', NULL, 'APPROVED'),
(86, 'test3@mail.com', '$2b$12$DnMAvDwbBmMvWO4jrdgG3.id5DWdGFh1u88hqptGT6aN1jKoUaJSa', NULL, 'APPROVED'),
(87, 'test5@gmail.com', '$2b$12$Km5mEG0uAoJee.nC7BUf3uZjCl7grSshb38iLVNZhV.TEk/RPkkjK', NULL, 'APPROVED'),
(88, 'testf@mail.com', '$2b$12$L9/0Q.EYGfpJzRotEVoeL.AZqrQxv0pH.TGFl42VbRulwQkWrSucK', NULL, 'APPROVED'),
(90, 'reg@mail.com', '$2b$12$LLLlGakDMJQ9UVv1PpKP1eRgMFULkRSmya1M8paJRhjAlu89g3vZC', NULL, 'APPROVED'),
(91, 'test10@gmail.com', '$2b$12$NgXCJXWWTMJGh.Rm6crYyOIeGQOk695zp0e2xu5Pt8Q56UpQPPQla', NULL, 'APPROVED'),
(92, 'test11@gmail.com', '$2b$12$HEZsmP/nsq.I3QdArVvcn.KanWkNFJmbp0O2DsQ.tBo/knVrLPv0K', NULL, 'APPROVED'),
(94, 'designated@mail.com', '$2b$12$ecG3Kd2uREU00LaXSWxM3ujnr5WLbJDrjE6BnYwVP.9czpjaLJWY6', NULL, 'APPROVED'),
(95, 'test12@mail.com', '$2b$12$eQrmG55LzzfWESVA9BLRW.viSacasi4JBroLvrufqLu2eZZlX0CPG', NULL, 'APPROVED'),
(96, 'wsttee@mail.com', '$2b$12$KIJviUOTlSN/ooqFFFlZpO6GZSwa2Jm7Y7gmLcO5FoJVd2pXzXI92', NULL, 'APPROVED');

DROP TABLE IF EXISTS `tbl_cascaded_quotas`;
CREATE TABLE `tbl_cascaded_quotas` (
  `quota_id` int NOT NULL AUTO_INCREMENT,
  `term_id` int NOT NULL,
  `indicator_id` int NOT NULL,
  `total_target_value` int NOT NULL,
  `assigned_to_role` varchar(50) NOT NULL,
  PRIMARY KEY (`quota_id`),
  KEY `fk_quota_term` (`term_id`),
  KEY `fk_quota_ind` (`indicator_id`),
  CONSTRAINT `fk_quota_ind` FOREIGN KEY (`indicator_id`) REFERENCES `tbl_master_indicators` (`indicator_id`),
  CONSTRAINT `fk_quota_term` FOREIGN KEY (`term_id`) REFERENCES `tbl_academic_terms` (`term_id`)
) ENGINE=InnoDB AUTO_INCREMENT=162 DEFAULT CHARSET=utf8mb4 COLLATE=utf8mb4_general_ci;

INSERT INTO `tbl_cascaded_quotas` (`quota_id`, `term_id`, `indicator_id`, `total_target_value`, `assigned_to_role`) VALUES
(26, 3, 3, 3, 'WST Program'),
(27, 3, 3, 4, 'DST Program'),
(28, 3, 7, 7, 'RET / Extension'),
(29, 3, 10, 6, 'RET / Extension'),
(30, 3, 11, 9, 'RET / Extension'),
(31, 3, 9, 5, 'RET / Extension'),
(32, 3, 8, 5, 'WST Program'),
(33, 3, 8, 5, 'DST Program'),
(34, 4, 12, 2, 'WST Program'),
(35, 4, 12, 2, 'DST Program'),
(36, 4, 13, 2, 'WST Program'),
(37, 4, 13, 2, 'DST Program'),
(38, 4, 14, 2, 'RET / Extension'),
(39, 4, 15, 2, 'RET / Extension'),
(40, 4, 16, 2, 'RET / Extension'),
(41, 4, 17, 2, 'RET / Extension'),
(42, 4, 18, 2, 'WST Program'),
(43, 4, 18, 2, 'DST Program'),
(44, 4, 19, 2, 'WST Program'),
(45, 4, 19, 2, 'DST Program'),
(46, 4, 14, 1, 'Instructor I'),
(47, 4, 15, 1, 'Instructor I'),
(51, 5, 21, 2, 'WST Program'),
(52, 5, 22, 2, 'WST Program'),
(53, 5, 29, 2, 'WST Program'),
(54, 5, 23, 1, 'RET / Extension'),
(55, 5, 24, 1, 'RET / Extension'),
(56, 5, 25, 1, 'RET / Extension'),
(57, 5, 26, 1, 'RET / Extension'),
(58, 5, 27, 2, 'WST Program'),
(59, 5, 28, 2, 'WST Program'),
(60, 5, 23, 2, 'Associate Professor II'),
(61, 5, 24, 2, 'Associate Professor II'),
(62, 5, 25, 2, 'Associate Professor II'),
(63, 5, 26, 2, 'Associate Professor II'),
(64, 5, 23, 1, 'Instructor I'),
(65, 5, 25, 1, 'Instructor I'),
(114, 6, 30, 1, 'WST Program'),
(115, 6, 31, 1, 'WST Program'),
(116, 6, 38, 1, 'WST Program'),
(117, 6, 32, 1, 'WST Program'),
(118, 6, 32, 1, 'RET / Extension'),
(119, 6, 33, 1, 'WST Program'),
(120, 6, 33, 1, 'RET / Extension'),
(121, 6, 34, 1, 'WST Program'),
(122, 6, 34, 1, 'RET / Extension'),
(123, 6, 35, 1, 'WST Program'),
(124, 6, 35, 1, 'RET / Extension'),
(125, 6, 36, 1, 'WST Program'),
(126, 6, 37, 1, 'WST Program'),
(131, 6, 32, 1, 'Instructor I'),
(132, 6, 33, 1, 'Instructor I'),
(133, 6, 34, 1, 'Instructor I'),
(134, 6, 35, 1, 'Instructor I'),
(135, 7, 39, 4, 'WST Program'),
(136, 7, 40, 4, 'WST Program'),
(137, 7, 47, 4, 'WST Program'),
(138, 7, 41, 1, 'RET / Extension'),
(139, 7, 42, 1, 'RET / Extension'),
(140, 7, 43, 1, 'RET / Extension'),
(141, 7, 44, 1, 'RET / Extension'),
(142, 7, 45, 4, 'WST Program'),
(143, 7, 46, 4, 'WST Program'),
(144, 8, 50, 2, 'WST Program'),
(145, 8, 51, 2, 'WST Program'),
(146, 8, 58, 2, 'WST Program'),
(147, 8, 52, 2, 'RET / Extension'),
(148, 8, 53, 2, 'RET / Extension'),
(149, 8, 54, 2, 'RET / Extension'),
(150, 8, 55, 2, 'RET / Extension'),
(151, 8, 56, 2, 'WST Program'),
(152, 8, 57, 2, 'WST Program'),
(153, 11, 69, 2, 'WST Program'),
(154, 11, 70, 1, 'WST Program'),
(155, 11, 71, 2, 'College-Wide'),
(156, 11, 72, 3, 'RET / Extension'),
(157, 11, 77, 3, 'RET / Extension'),
(158, 11, 78, 3, 'RET / Extension'),
(159, 11, 79, 3, 'RET / Extension'),
(160, 11, 80, 1, 'WST Program'),
(161, 11, 81, 2, 'WST Program');

DROP TABLE IF EXISTS `tbl_co_authors`;
CREATE TABLE `tbl_co_authors` (
  `co_author_id` int NOT NULL AUTO_INCREMENT,
  `evidence_id` int NOT NULL,
  `emp_id` int NOT NULL,
  `claimed` tinyint NOT NULL DEFAULT '0',
  PRIMARY KEY (`co_author_id`),
  KEY `fk_coauth_evid` (`evidence_id`),
  KEY `idx_coauth_loose_emp` (`emp_id`),
  CONSTRAINT `fk_coauth_evid` FOREIGN KEY (`evidence_id`) REFERENCES `tbl_evidence_repo` (`evidence_id`)
) ENGINE=InnoDB DEFAULT CHARSET=utf8mb4 COLLATE=utf8mb4_general_ci;

DROP TABLE IF EXISTS `tbl_committed_targets`;
CREATE TABLE `tbl_committed_targets` (
  `target_id` int NOT NULL AUTO_INCREMENT,
  `emp_id` int NOT NULL,
  `indicator_id` int NOT NULL,
  `assigned_quantity` int NOT NULL,
  `status` varchar(50) DEFAULT 'Draft',
  `actual_quantity` int NOT NULL DEFAULT '0',
  PRIMARY KEY (`target_id`),
  KEY `fk_target_emp` (`emp_id`),
  KEY `fk_target_ind` (`indicator_id`),
  CONSTRAINT `fk_target_emp` FOREIGN KEY (`emp_id`) REFERENCES `tbl_employee_profiles` (`emp_id`),
  CONSTRAINT `fk_target_ind` FOREIGN KEY (`indicator_id`) REFERENCES `tbl_master_indicators` (`indicator_id`)
) ENGINE=InnoDB AUTO_INCREMENT=157 DEFAULT CHARSET=utf8mb4 COLLATE=utf8mb4_general_ci;

INSERT INTO `tbl_committed_targets` (`target_id`, `emp_id`, `indicator_id`, `assigned_quantity`, `status`, `actual_quantity`) VALUES
(1, 4, 12, 1, 'Draft', 0),
(2, 52, 12, 1, 'Draft', 0),
(3, 4, 13, 1, 'Draft', 0),
(4, 52, 13, 1, 'Draft', 0),
(5, 4, 18, 1, 'Draft', 0),
(6, 52, 18, 1, 'Draft', 0),
(7, 4, 19, 1, 'Draft', 0),
(8, 52, 19, 1, 'Draft', 0),
(9, 53, 12, 1, 'Draft', 0),
(10, 53, 13, 1, 'Draft', 0),
(11, 53, 19, 1, 'Draft', 0),
(12, 53, 18, 1, 'Draft', 0),
(13, 3, 12, 1, 'Draft', 0),
(15, 49, 12, 1, 'Draft', 0),
(16, 50, 12, 1, 'Draft', 0),
(17, 51, 12, 1, 'Draft', 0),
(18, 4, 21, 1, 'Draft', 0),
(19, 52, 21, 1, 'Draft', 0),
(20, 53, 21, 1, 'Draft', 0),
(21, 63, 21, 1, 'Draft', 0),
(22, 4, 22, 1, 'Draft', 0),
(23, 52, 22, 1, 'Draft', 0),
(24, 53, 22, 1, 'Draft', 0),
(25, 63, 22, 1, 'Draft', 0),
(26, 4, 29, 1, 'Draft', 0),
(27, 52, 29, 1, 'Draft', 0),
(28, 53, 29, 1, 'Draft', 0),
(29, 63, 29, 1, 'Draft', 0),
(30, 4, 27, 1, 'Draft', 0),
(31, 52, 27, 1, 'Draft', 0),
(32, 53, 27, 1, 'Draft', 0),
(33, 63, 27, 1, 'Draft', 0),
(34, 4, 28, 1, 'Draft', 0),
(35, 52, 28, 1, 'Draft', 0),
(36, 53, 28, 1, 'Draft', 0),
(37, 63, 28, 1, 'Draft', 0),
(38, 3, 21, 5, 'Pending Approval', 0),
(39, 4, 30, 1, 'Draft', 0),
(40, 52, 30, 1, 'Draft', 0),
(41, 53, 30, 1, 'Pending Approval', 0),
(42, 63, 30, 1, 'Draft', 0),
(43, 4, 31, 1, 'Draft', 0),
(44, 52, 31, 1, 'Draft', 0),
(45, 53, 31, 1, 'Pending Approval', 0),
(46, 63, 31, 1, 'Draft', 0),
(47, 4, 38, 1, 'Draft', 0),
(48, 52, 38, 1, 'Draft', 0),
(49, 53, 38, 1, 'Pending Approval', 0),
(50, 63, 38, 1, 'Draft', 0),
(51, 4, 36, 1, 'Draft', 0),
(52, 52, 36, 1, 'Draft', 0),
(53, 53, 36, 1, 'Pending Approval', 0),
(54, 63, 36, 1, 'Draft', 0),
(55, 4, 37, 1, 'Draft', 0),
(56, 52, 37, 1, 'Draft', 0),
(57, 53, 37, 1, 'Pending Approval', 0),
(58, 63, 37, 1, 'Draft', 0),
(59, 53, 32, 1, 'Pending Approval', 0),
(60, 53, 35, 1, 'Pending Approval', 0),
(61, 3, 30, 5, 'Pending Approval', 0),
(64, 53, 39, 2, 'Approved', 0),
(65, 53, 40, 2, 'Approved', 0),
(66, 53, 47, 2, 'Approved', 0),
(67, 53, 45, 1, 'Approved', 0),
(68, 53, 46, 1, 'Approved', 0),
(69, 53, 41, 1, 'Approved', 0),
(70, 53, 43, 1, 'Approved', 0),
(78, 81, 39, 1, 'Approved', 0),
(79, 81, 40, 1, 'Approved', 0),
(80, 81, 47, 1, 'Approved', 0),
(81, 81, 45, 1, 'Approved', 0),
(82, 81, 46, 1, 'Approved', 0),
(83, 81, 41, 4, 'Approved', 0),
(84, 81, 43, 3, 'Approved', 0),
(85, 83, 39, 1, 'Approved', 0),
(86, 83, 40, 1, 'Approved', 0),
(87, 83, 47, 1, 'Approved', 0),
(88, 83, 45, 1, 'Approved', 0),
(89, 83, 46, 1, 'Approved', 0),
(90, 83, 42, 2, 'Approved', 0),
(91, 83, 44, 5, 'Approved', 0),
(92, 87, 39, 2, 'Approved', 0),
(93, 87, 40, 1, 'Approved', 0),
(94, 87, 47, 1, 'Approved', 0),
(95, 87, 45, 2, 'Approved', 0),
(96, 87, 46, 1, 'Approved', 0),
(97, 87, 41, 4, 'Approved', 0),
(98, 87, 44, 5, 'Approved', 0),
(99, 88, 39, 4, 'Approved', 0),
(100, 88, 40, 2, 'Approved', 0),
(101, 88, 47, 1, 'Approved', 0),
(102, 88, 45, 1, 'Approved', 0),
(103, 88, 46, 1, 'Approved', 0),
(104, 88, 41, 4, 'Approved', 0),
(105, 88, 44, 5, 'Approved', 0),
(106, 91, 39, 3, 'Approved', 0),
(107, 91, 40, 1, 'Approved', 0),
(108, 91, 47, 1, 'Approved', 0),
(109, 91, 45, 2, 'Approved', 0),
(110, 91, 46, 1, 'Approved', 0),
(111, 91, 41, 4, 'Approved', 0),
(112, 91, 43, 3, 'Approved', 0),
(113, 92, 39, 3, 'Approved', 0),
(114, 92, 40, 2, 'Approved', 0),
(115, 92, 47, 1, 'Approved', 0),
(116, 92, 45, 2, 'Approved', 0),
(117, 92, 46, 2, 'Approved', 0),
(118, 92, 42, 2, 'Approved', 0),
(119, 92, 44, 5, 'Approved', 0),
(120, 53, 69, 1, 'Approved', 1),
(121, 53, 70, 1, 'Approved', 0),
(122, 53, 80, 1, 'Approved', 0),
(123, 53, 81, 1, 'Approved', 0),
(124, 53, 77, 1, 'Approved', 0),
(125, 53, 79, 1, 'Approved', 0),
(126, 64, 69, 2, 'Approved', 0),
(127, 64, 70, 3, 'Approved', 0),
(128, 64, 71, 1, 'Approved', 0),
(129, 64, 82, 3, 'Approved', 0),
(130, 64, 80, 1, 'Approved', 0),
(131, 64, 81, 1, 'Approved', 0),
(132, 86, 69, 3, 'Approved', 0),
(133, 86, 70, 1, 'Approved', 0),
(134, 86, 80, 2, 'Approved', 0),
(135, 86, 81, 1, 'Approved', 0),
(136, 86, 72, 0, 'Approved', 0),
(137, 86, 78, 1, 'Approved', 0),
(138, 86, 77, 1, 'Approved', 0),
(139, 87, 69, 2, 'Approved', 0),
(140, 87, 70, 2, 'Approved', 0),
(141, 87, 80, 2, 'Approved', 0),
(142, 87, 81, 2, 'Approved', 0),
(143, 87, 78, 1, 'Approved', 0),
(144, 87, 77, 2, 'Approved', 0),
(145, 88, 69, 3, 'Approved', 0),
(146, 88, 70, 1, 'Approved', 0),
(147, 88, 80, 1, 'Approved', 0),
(148, 88, 81, 2, 'Approved', 0),
(149, 88, 72, 1, 'Approved', 0),
(150, 88, 79, 2, 'Approved', 0),
(151, 96, 69, 2, 'Approved', 1),
(152, 96, 70, 2, 'Approved', 0),
(153, 96, 80, 2, 'Approved', 0),
(154, 96, 81, 1, 'Approved', 0),
(155, 96, 72, 3, 'Approved', 0),
(156, 96, 79, 2, 'Approved', 0);

DROP TABLE IF EXISTS `tbl_designation_targets`;
CREATE TABLE `tbl_designation_targets` (
  `template_id` int NOT NULL AUTO_INCREMENT,
  `designation_role` varchar(50) NOT NULL,
  `indicator_id` int NOT NULL,
  PRIMARY KEY (`template_id`),
  KEY `fk_destarget_ind` (`indicator_id`),
  CONSTRAINT `fk_destarget_ind` FOREIGN KEY (`indicator_id`) REFERENCES `tbl_master_indicators` (`indicator_id`)
) ENGINE=InnoDB DEFAULT CHARSET=utf8mb4 COLLATE=utf8mb4_general_ci;

DROP TABLE IF EXISTS `tbl_draft_allocation`;
CREATE TABLE `tbl_draft_allocation` (
  `allocation_id` int NOT NULL AUTO_INCREMENT,
  `emp_id` int NOT NULL,
  `indicator_id` int NOT NULL,
  `assigned_quantity` int NOT NULL,
  PRIMARY KEY (`allocation_id`),
  KEY `fk_draftalloc_emp` (`emp_id`),
  KEY `fk_draftalloc_ind` (`indicator_id`),
  CONSTRAINT `fk_draftalloc_emp` FOREIGN KEY (`emp_id`) REFERENCES `tbl_employee_profiles` (`emp_id`) ON DELETE CASCADE,
  CONSTRAINT `fk_draftalloc_ind` FOREIGN KEY (`indicator_id`) REFERENCES `tbl_master_indicators` (`indicator_id`) ON DELETE CASCADE
) ENGINE=InnoDB AUTO_INCREMENT=68 DEFAULT CHARSET=utf8mb4 COLLATE=utf8mb4_general_ci;

INSERT INTO `tbl_draft_allocation` (`allocation_id`, `emp_id`, `indicator_id`, `assigned_quantity`) VALUES
(3, 4, 39, 1),
(4, 52, 39, 1),
(6, 63, 39, 1),
(7, 64, 39, 1),
(8, 4, 40, 1),
(9, 52, 40, 1),
(11, 63, 40, 1),
(12, 64, 40, 1),
(13, 4, 47, 1),
(14, 52, 47, 1),
(16, 63, 47, 1),
(17, 64, 47, 1),
(18, 4, 45, 1),
(19, 52, 45, 1),
(21, 63, 45, 1),
(22, 64, 45, 1),
(23, 4, 46, 1),
(24, 52, 46, 1),
(26, 63, 46, 1),
(27, 64, 46, 1),
(28, 53, 69, 1),
(29, 63, 69, 1),
(30, 81, 69, 1),
(31, 83, 69, 1),
(32, 86, 69, 1),
(33, 87, 69, 1),
(34, 88, 69, 1),
(35, 90, 69, 1),
(36, 91, 69, 1),
(37, 92, 69, 1),
(38, 53, 70, 1),
(39, 63, 70, 1),
(40, 81, 70, 1),
(41, 83, 70, 1),
(42, 86, 70, 1),
(43, 87, 70, 1),
(44, 88, 70, 1),
(45, 90, 70, 1),
(46, 91, 70, 1),
(47, 92, 70, 1),
(48, 53, 80, 1),
(49, 63, 80, 1),
(50, 81, 80, 1),
(51, 83, 80, 1),
(52, 86, 80, 1),
(53, 87, 80, 1),
(54, 88, 80, 1),
(55, 90, 80, 1),
(56, 91, 80, 1),
(57, 92, 80, 1),
(58, 53, 81, 1),
(59, 63, 81, 1),
(60, 81, 81, 1),
(61, 83, 81, 1),
(62, 86, 81, 1),
(63, 87, 81, 1),
(64, 88, 81, 1),
(65, 90, 81, 1),
(66, 91, 81, 1),
(67, 92, 81, 1);

DROP TABLE IF EXISTS `tbl_draft_targets`;
CREATE TABLE `tbl_draft_targets` (
  `draft_id` int NOT NULL AUTO_INCREMENT,
  `emp_id` int NOT NULL,
  `indicator_id` int NOT NULL,
  `proposed_quantity` int NOT NULL,
  `review_status` varchar(50) DEFAULT 'Pending Review' COMMENT 'Pending Review, Returned, or Approved',
  `manager_feedback` text,
  PRIMARY KEY (`draft_id`),
  KEY `fk_drafttarget_emp` (`emp_id`),
  KEY `fk_drafttarget_ind` (`indicator_id`),
  CONSTRAINT `fk_drafttarget_emp` FOREIGN KEY (`emp_id`) REFERENCES `tbl_employee_profiles` (`emp_id`) ON DELETE CASCADE,
  CONSTRAINT `fk_drafttarget_ind` FOREIGN KEY (`indicator_id`) REFERENCES `tbl_master_indicators` (`indicator_id`) ON DELETE CASCADE
) ENGINE=InnoDB AUTO_INCREMENT=250 DEFAULT CHARSET=utf8mb4 COLLATE=utf8mb4_general_ci;

INSERT INTO `tbl_draft_targets` (`draft_id`, `emp_id`, `indicator_id`, `proposed_quantity`, `review_status`, `manager_feedback`) VALUES
(4, 53, 39, 2, 'Waiting for Approval', NULL),
(5, 53, 40, 2, 'Waiting for Approval', NULL),
(6, 53, 47, 2, 'Waiting for Approval', NULL),
(7, 53, 45, 1, 'Waiting for Approval', NULL),
(8, 53, 46, 1, 'Waiting for Approval', NULL),
(25, 81, 39, 1, 'Pending Review', NULL),
(26, 81, 40, 1, 'Pending Review', NULL),
(27, 81, 47, 1, 'Pending Review', NULL),
(28, 81, 45, 1, 'Pending Review', NULL),
(29, 81, 46, 1, 'Pending Review', NULL),
(48, 83, 39, 1, 'Waiting for Approval', NULL),
(49, 83, 40, 1, 'Waiting for Approval', NULL),
(50, 83, 47, 1, 'Waiting for Approval', NULL),
(51, 83, 45, 1, 'Waiting for Approval', NULL),
(52, 83, 46, 1, 'Waiting for Approval', NULL),
(99, 86, 39, 1, 'Waiting for Approval', NULL),
(100, 86, 40, 1, 'Waiting for Approval', NULL),
(101, 86, 47, 1, 'Waiting for Approval', NULL),
(102, 86, 45, 1, 'Waiting for Approval', NULL),
(103, 86, 46, 1, 'Waiting for Approval', NULL),
(106, 87, 39, 2, 'Waiting for Approval', NULL),
(107, 87, 40, 1, 'Waiting for Approval', NULL),
(108, 87, 47, 1, 'Waiting for Approval', NULL),
(109, 87, 45, 2, 'Waiting for Approval', NULL),
(110, 87, 46, 1, 'Waiting for Approval', NULL),
(115, 88, 39, 4, 'Waiting for Approval', NULL),
(116, 88, 40, 2, 'Waiting for Approval', NULL),
(117, 88, 47, 1, 'Waiting for Approval', NULL),
(118, 88, 45, 1, 'Waiting for Approval', NULL),
(119, 88, 46, 1, 'Waiting for Approval', NULL),
(124, 90, 39, 1, 'Pending Review', NULL),
(125, 90, 40, 1, 'Pending Review', NULL),
(126, 90, 47, 1, 'Pending Review', NULL),
(127, 90, 45, 1, 'Pending Review', NULL),
(128, 90, 46, 1, 'Pending Review', NULL),
(129, 90, 42, 2, 'Pending Review', NULL),
(130, 90, 43, 3, 'Pending Review', NULL),
(131, 91, 39, 3, 'Pending Review', NULL),
(132, 91, 40, 1, 'Pending Review', NULL),
(133, 91, 47, 1, 'Pending Review', NULL),
(134, 91, 45, 2, 'Pending Review', NULL),
(135, 91, 46, 1, 'Pending Review', NULL),
(140, 92, 39, 3, 'Approved', NULL),
(141, 92, 40, 2, 'Approved', NULL),
(142, 92, 47, 1, 'Approved', NULL),
(143, 92, 45, 2, 'Approved', NULL),
(144, 92, 46, 2, 'Approved', NULL),
(147, 92, 42, 2, 'Approved', NULL),
(148, 92, 44, 5, 'Approved', NULL),
(155, 53, 69, 1, 'Approved', NULL),
(156, 53, 70, 1, 'Approved', NULL),
(157, 53, 80, 1, 'Approved', NULL),
(158, 53, 81, 1, 'Approved', NULL),
(161, 81, 69, 4, 'Returned', NULL),
(162, 81, 70, 1, 'Returned', NULL),
(163, 81, 80, 1, 'Returned', NULL),
(164, 81, 81, 1, 'Returned', NULL),
(165, 81, 72, 0, 'Returned', NULL),
(166, 81, 78, 0, 'Returned', NULL),
(167, 53, 77, 1, 'Approved', NULL),
(168, 53, 79, 1, 'Approved', NULL),
(169, 95, 39, 1, 'Waiting for Approval', NULL),
(170, 95, 40, 1, 'Waiting for Approval', NULL),
(171, 95, 47, 1, 'Waiting for Approval', NULL),
(172, 95, 45, 1, 'Waiting for Approval', NULL),
(173, 95, 46, 1, 'Waiting for Approval', NULL),
(174, 95, 69, 3, 'Waiting for Approval', NULL),
(175, 95, 70, 1, 'Waiting for Approval', NULL),
(176, 95, 80, 1, 'Waiting for Approval', NULL),
(177, 95, 81, 1, 'Waiting for Approval', NULL),
(178, 95, 72, 2, 'Approved', NULL),
(179, 95, 78, 1, 'Approved', NULL),
(180, 83, 69, 3, 'Waiting for Approval', NULL),
(181, 83, 70, 3, 'Waiting for Approval', NULL),
(182, 83, 80, 1, 'Waiting for Approval', NULL),
(183, 83, 81, 1, 'Waiting for Approval', NULL),
(192, 64, 69, 2, 'Approved', NULL),
(193, 64, 70, 3, 'Approved', NULL),
(194, 64, 71, 1, 'Approved', NULL),
(195, 64, 82, 3, 'Approved', NULL),
(196, 64, 80, 1, 'Approved', NULL),
(197, 64, 81, 1, 'Approved', NULL),
(198, 94, 69, 2, 'Pending Review', NULL),
(199, 94, 69, 2, 'Pending Review', NULL),
(200, 94, 80, 1, 'Pending Review', NULL),
(201, 94, 80, 1, 'Pending Review', NULL),
(202, 81, 77, 1, 'Returned', NULL),
(203, 81, 79, 1, 'Returned', NULL),
(206, 83, 72, 0, 'Approved', NULL),
(207, 83, 78, 0, 'Approved', NULL),
(208, 83, 77, 1, 'Approved', NULL),
(209, 83, 79, 1, 'Approved', NULL),
(210, 86, 69, 3, 'Approved', NULL),
(211, 86, 70, 1, 'Approved', NULL),
(212, 86, 80, 2, 'Approved', NULL),
(213, 86, 81, 1, 'Approved', NULL),
(214, 86, 72, 0, 'Approved', NULL),
(215, 86, 78, 1, 'Approved', NULL),
(216, 86, 77, 1, 'Approved', NULL),
(217, 87, 69, 2, 'Approved', NULL),
(218, 87, 70, 2, 'Approved', NULL),
(219, 87, 80, 2, 'Approved', NULL),
(220, 87, 81, 2, 'Approved', NULL),
(221, 87, 72, 0, 'Approved', NULL),
(222, 87, 78, 1, 'Approved', NULL),
(223, 87, 77, 2, 'Approved', NULL),
(224, 88, 69, 3, 'Approved', NULL),
(225, 88, 70, 1, 'Approved', NULL),
(226, 88, 80, 1, 'Approved', NULL),
(227, 88, 81, 2, 'Approved', NULL),
(228, 88, 72, 1, 'Approved', NULL),
(229, 88, 78, 0, 'Approved', NULL),
(230, 88, 79, 2, 'Approved', NULL),
(231, 91, 69, 1, 'Returned', NULL),
(232, 91, 70, 1, 'Returned', NULL),
(233, 91, 80, 1, 'Returned', NULL),
(234, 91, 81, 1, 'Returned', NULL),
(235, 91, 72, 2, 'Approved', NULL),
(236, 91, 78, 0, 'Approved', NULL),
(237, 91, 79, 1, 'Approved', NULL),
(238, 96, 39, 1, 'Waiting for Approval', NULL),
(239, 96, 40, 1, 'Waiting for Approval', NULL),
(240, 96, 47, 1, 'Waiting for Approval', NULL),
(241, 96, 45, 1, 'Waiting for Approval', NULL),
(242, 96, 46, 1, 'Waiting for Approval', NULL),
(243, 96, 69, 2, 'Approved', NULL),
(244, 96, 70, 2, 'Approved', NULL),
(245, 96, 80, 2, 'Approved', NULL),
(246, 96, 81, 1, 'Approved', NULL),
(247, 96, 72, 3, 'Approved', NULL),
(248, 96, 78, 0, 'Approved', NULL),
(249, 96, 79, 2, 'Approved', NULL);

DROP TABLE IF EXISTS `tbl_employee_profiles`;
CREATE TABLE `tbl_employee_profiles` (
  `emp_id` int NOT NULL AUTO_INCREMENT,
  `employee_id_number` varchar(50) NOT NULL,
  `first_name` varchar(100) NOT NULL,
  `last_name` varchar(100) NOT NULL,
  `college` varchar(100) NOT NULL DEFAULT 'CICT',
  `assigned_program` varchar(100) NOT NULL,
  `academic_rank` varchar(100) NOT NULL,
  `employment_status` varchar(50) NOT NULL,
  `designation` varchar(50) DEFAULT 'None',
  `leave_status` varchar(50) DEFAULT 'Active',
  `specialization` varchar(250) DEFAULT NULL,
  PRIMARY KEY (`emp_id`),
  UNIQUE KEY `employee_id_number` (`employee_id_number`)
) ENGINE=InnoDB AUTO_INCREMENT=97 DEFAULT CHARSET=utf8mb4 COLLATE=utf8mb4_general_ci;

INSERT INTO `tbl_employee_profiles` (`emp_id`, `employee_id_number`, `first_name`, `last_name`, `college`, `assigned_program`, `academic_rank`, `employment_status`, `designation`, `leave_status`, `specialization`) VALUES
(3, '2017-1055', 'Chester', 'Dayao', 'CICT', 'BSIT', 'Instructor II', 'Regular', 'Admin', 'Active', 'DST Program'),
(4, '2017-100055', 'Oks', 'Dayao', 'CICT', 'BSIT', 'Instructor II', 'Regular', 'Dean', 'Active', 'WST Program'),
(49, '22222', 'Ivan', 'Fajardo', 'CICT', 'BSIT', 'Associate Professor III', 'Regular', 'RET Chair', 'Active', 'DST Program'),
(50, '3333', 'Ivan', 'Fajardo', 'CICT', 'BSIT', 'Associate Professor V', 'Regular', 'Designated Faculty', 'Active', 'DST Program'),
(51, '5555', 'Nicole ', 'Zefanya', 'CICT', 'BSIT', 'Asst. Professor I', 'Regular', 'Regular Faculty', 'Active', 'DST Program'),
(52, '2222', 'Dayao', 'Chester', 'CICT', 'BSIT', 'Asst. Professor I', 'Regular', 'Program Chair', 'Active', 'WST Program'),
(53, '999', 'wst', 'fac', 'CICT', 'BSIT', 'Instructor I', 'Regular', 'Regular Faculty', 'Active', 'WST Program'),
(63, '820', 'Maam ', 'Bensi', 'CICT', 'BSIT', 'Associate Professor II', 'Regular', 'Regular Faculty', 'Active', 'WST Program'),
(64, '777', 'Ruka', 'Kayamori', 'CICT', 'BSIT', 'Instructor I', 'Regular', 'Designated Faculty', 'Active', 'WST Program'),
(76, '2026-5555', 'nst', 'prog', 'CICT', 'BSIT', 'Associate Professor II', 'Regular', 'Program Chair', 'Active', 'NST Program'),
(81, '2026-4441', 'wst', 'sample', 'CICT', 'BSIT', 'Instructor I', 'Regular', 'Regular Faculty', 'Active', 'WST Program'),
(83, '1234', 'wst', 'test2', 'CICT', 'BSIT', 'Instructor I', 'Regular', 'Regular Faculty', 'Active', 'WST Program'),
(86, '2026-6767', 'wst', 'test4', 'CICT', 'BSIT', 'Instructor I', 'Regular', 'Regular Faculty', 'Active', 'WST Program'),
(87, '555-222', 'wst', 'test5', 'CICT', 'BSIT', 'Instructor I', 'Regular', 'Regular Faculty', 'Active', 'WST Program'),
(88, '2026-7777', 'wst', 'finaltest', 'CICT', 'BSIT', 'Instructor I', 'Regular', 'Regular Faculty', 'Active', 'WST Program'),
(90, '111', 'Majima', 'Goro', 'CICT', 'BSIT', 'Instructor I', 'Regular', 'Regular Faculty', 'Active', 'WST Program'),
(91, '2026-8888', 'wst', 'sample10', 'CICT', 'BSIT', 'Instructor I', 'Regular', 'Regular Faculty', 'Active', 'WST Program'),
(92, '2026-9999', 'wst', 'test11', 'CICT', 'BSIT', 'Instructor I', 'Regular', 'Regular Faculty', 'Active', 'WST Program'),
(94, '0975', 'designated', 'faculty', 'CICT', 'BSIT', 'Instructor I', 'Regular', 'Designated Faculty', 'Active', 'WST Program'),
(95, '2030-1111', 'wst', 'localTest', 'CICT', 'BSIT', 'Instructor I', 'Regular', 'Regular Faculty', 'Active', 'WST Program'),
(96, '2030-2222', 'wst', 'testte', 'CICT', 'BSIT', 'Instructor I', 'Regular', 'Regular Faculty', 'Active', 'WST Program');

DROP TABLE IF EXISTS `tbl_evidence_repo`;
CREATE TABLE `tbl_evidence_repo` (
  `evidence_id` int NOT NULL AUTO_INCREMENT,
  `target_id` int NOT NULL,
  `file_path` varchar(255) NOT NULL,
  `actual_qty_Q` int NOT NULL,
  `timeliness_T` decimal(3,2) DEFAULT NULL,
  `efficiency_rating_E` int DEFAULT NULL,
  `verification_status` varchar(50) DEFAULT 'Pending',
  `supervisor_comment` text,
  PRIMARY KEY (`evidence_id`),
  KEY `fk_evid_target` (`target_id`),
  CONSTRAINT `fk_evid_target` FOREIGN KEY (`target_id`) REFERENCES `tbl_committed_targets` (`target_id`)
) ENGINE=InnoDB AUTO_INCREMENT=3 DEFAULT CHARSET=utf8mb4 COLLATE=utf8mb4_general_ci;

INSERT INTO `tbl_evidence_repo` (`evidence_id`, `target_id`, `file_path`, `actual_qty_Q`, `timeliness_T`, `efficiency_rating_E`, `verification_status`, `supervisor_comment`) VALUES
(1, 120, 'uploads/evidence/32d455dbc6b841b3a59ce66b0b482b35_chapter4_-_intermidiate_sql.pdf', 1, NULL, NULL, 'Pending', NULL),
(2, 151, 'uploads/evidence/8fb21ff4934149ccbe77bf5842e63521_sched.png', 1, NULL, NULL, 'Pending', NULL);

DROP TABLE IF EXISTS `tbl_final_scores`;
CREATE TABLE `tbl_final_scores` (
  `score_id` int NOT NULL AUTO_INCREMENT,
  `emp_id` int NOT NULL,
  `term_id` int NOT NULL,
  `instruction_weighted` decimal(4,2) DEFAULT NULL,
  `ret_weighted` decimal(4,2) DEFAULT NULL,
  `support_weighted` decimal(4,2) DEFAULT NULL,
  `admin_weighted` decimal(4,2) DEFAULT NULL,
  `final_score` decimal(4,2) NOT NULL,
  `adjectival_rating` varchar(50) NOT NULL,
  `dean_approval_status` varchar(50) DEFAULT 'Pending',
  PRIMARY KEY (`score_id`),
  KEY `fk_score_emp` (`emp_id`),
  KEY `fk_score_term` (`term_id`),
  CONSTRAINT `fk_score_emp` FOREIGN KEY (`emp_id`) REFERENCES `tbl_employee_profiles` (`emp_id`),
  CONSTRAINT `fk_score_term` FOREIGN KEY (`term_id`) REFERENCES `tbl_academic_terms` (`term_id`)
) ENGINE=InnoDB DEFAULT CHARSET=utf8mb4 COLLATE=utf8mb4_general_ci;

DROP TABLE IF EXISTS `tbl_ipcr_chair_review`;
CREATE TABLE `tbl_ipcr_chair_review` (
  `review_id` int NOT NULL AUTO_INCREMENT,
  `emp_id` int NOT NULL,
  `term_id` int NOT NULL,
  `chair_emp_id` int NOT NULL,
  `overall_status` enum('Pending','Approved','Rejected') DEFAULT 'Pending',
  `overall_remarks` text,
  `reviewed_at` timestamp NULL DEFAULT NULL,
  `created_at` timestamp NULL DEFAULT CURRENT_TIMESTAMP,
  PRIMARY KEY (`review_id`),
  UNIQUE KEY `uq_review` (`emp_id`,`term_id`)
) ENGINE=InnoDB AUTO_INCREMENT=34 DEFAULT CHARSET=utf8mb4 COLLATE=utf8mb4_general_ci;

INSERT INTO `tbl_ipcr_chair_review` (`review_id`, `emp_id`, `term_id`, `chair_emp_id`, `overall_status`, `overall_remarks`, `reviewed_at`, `created_at`) VALUES
(4, 64, 7, 52, 'Pending', NULL, NULL, '2026-06-22 02:30:54'),
(6, 46, 7, 46, 'Pending', NULL, NULL, '2026-06-24 09:19:32'),
(11, 53, 7, 52, 'Rejected', 'Instruction targets adjusted and returned to faculty.', NULL, '2026-06-24 11:06:18'),
(14, 81, 7, 52, 'Approved', 'finished', '2026-06-24 19:43:13', '2026-06-24 11:42:38'),
(17, 83, 7, 52, 'Approved', '', '2026-06-25 21:35:12', '2026-06-25 13:33:43'),
(19, 86, 7, 52, 'Pending', NULL, NULL, '2026-06-25 14:58:53'),
(20, 87, 7, 52, 'Approved', 'finished', '2026-06-25 23:19:59', '2026-06-25 15:17:24'),
(21, 88, 7, 52, 'Approved', '', '2026-06-25 23:45:44', '2026-06-25 15:41:37'),
(22, 91, 7, 52, 'Approved', '', '2026-06-27 18:11:17', '2026-06-27 10:02:49'),
(23, 90, 7, 52, 'Approved', '', '2026-06-27 18:10:31', '2026-06-27 10:10:04'),
(24, 92, 7, 52, 'Approved', '', '2026-06-27 18:46:26', '2026-06-27 10:28:22'),
(25, 53, 11, 52, 'Approved', '', '2026-07-18 11:13:15', '2026-07-18 03:03:56'),
(26, 95, 11, 52, 'Pending', NULL, NULL, '2026-07-18 07:06:24'),
(27, 83, 11, 52, 'Pending', NULL, NULL, '2026-07-18 10:26:24'),
(28, 81, 11, 52, 'Rejected', '', '2026-07-19 11:02:23', '2026-07-19 02:24:34'),
(29, 86, 11, 52, 'Approved', 'approved', '2026-07-19 14:59:56', '2026-07-19 06:34:01'),
(30, 87, 11, 52, 'Approved', 'approved', '2026-07-19 16:08:11', '2026-07-19 07:19:48'),
(31, 88, 11, 52, 'Approved', 'aaaaaaa', '2026-07-19 16:40:15', '2026-07-19 08:36:44'),
(32, 91, 11, 52, 'Rejected', 'aaaaaa', '2026-07-19 17:37:52', '2026-07-19 08:59:00'),
(33, 96, 11, 52, 'Approved', 'dadafafg', '2026-07-19 17:58:24', '2026-07-19 09:43:10');

DROP TABLE IF EXISTS `tbl_ipcr_chair_review_items`;
CREATE TABLE `tbl_ipcr_chair_review_items` (
  `item_id` int NOT NULL AUTO_INCREMENT,
  `review_id` int NOT NULL,
  `draft_id` int NOT NULL,
  `indicator_id` int NOT NULL,
  `original_quantity` int NOT NULL,
  `reviewed_quantity` int NOT NULL,
  `item_remarks` varchar(1000) DEFAULT NULL,
  PRIMARY KEY (`item_id`),
  KEY `review_id` (`review_id`),
  CONSTRAINT `tbl_ipcr_chair_review_items_ibfk_1` FOREIGN KEY (`review_id`) REFERENCES `tbl_ipcr_chair_review` (`review_id`) ON DELETE CASCADE
) ENGINE=InnoDB AUTO_INCREMENT=263 DEFAULT CHARSET=utf8mb4 COLLATE=utf8mb4_general_ci;

INSERT INTO `tbl_ipcr_chair_review_items` (`item_id`, `review_id`, `draft_id`, `indicator_id`, `original_quantity`, `reviewed_quantity`, `item_remarks`) VALUES
(8, 4, 13, 39, 1, 1, NULL),
(9, 4, 14, 40, 0, 0, NULL),
(10, 4, 15, 47, 0, 0, NULL),
(11, 4, 16, 45, 0, 0, NULL),
(12, 4, 17, 46, 0, 0, NULL),
(13, 4, 18, 49, 1, 1, NULL),
(16, 6, 11, 39, 4, 4, NULL),
(17, 6, 12, 48, 7, 7, NULL),
(39, 11, 4, 39, 1, 2, 'Program Chair adjustment.'),
(40, 11, 5, 40, 1, 2, 'Program Chair adjustment.'),
(41, 11, 6, 47, 1, 2, 'Program Chair adjustment.'),
(42, 11, 7, 45, 1, 1, NULL),
(43, 11, 8, 46, 1, 1, NULL),
(44, 11, 40, 41, 4, 4, NULL),
(45, 11, 41, 43, 3, 3, NULL),
(60, 14, 25, 39, 1, 1, NULL),
(61, 14, 26, 40, 1, 1, NULL),
(62, 14, 27, 47, 1, 1, NULL),
(63, 14, 28, 45, 1, 1, NULL),
(64, 14, 29, 46, 1, 1, NULL),
(65, 14, 46, 41, 4, 4, NULL),
(66, 14, 47, 43, 3, 3, NULL),
(81, 17, 48, 39, 1, 1, NULL),
(82, 17, 49, 40, 1, 1, NULL),
(83, 17, 50, 47, 1, 1, NULL),
(84, 17, 51, 45, 1, 1, NULL),
(85, 17, 52, 46, 1, 1, NULL),
(86, 17, 58, 42, 2, 2, NULL),
(87, 17, 59, 44, 5, 5, NULL),
(102, 19, 92, 39, 1, 1, NULL),
(103, 19, 93, 40, 1, 1, NULL),
(104, 19, 94, 47, 1, 1, NULL),
(105, 19, 95, 45, 1, 1, NULL),
(106, 19, 96, 46, 1, 1, NULL),
(109, 19, 99, 39, 1, 1, NULL),
(110, 19, 100, 40, 1, 1, NULL),
(111, 19, 101, 47, 1, 1, NULL),
(112, 19, 102, 45, 1, 1, NULL),
(113, 19, 103, 46, 1, 1, NULL),
(114, 19, 104, 41, 4, 4, NULL),
(115, 19, 105, 43, 3, 3, NULL),
(116, 20, 106, 39, 1, 2, 'aaa'),
(117, 20, 107, 40, 1, 1, NULL),
(118, 20, 108, 47, 1, 1, NULL),
(119, 20, 109, 45, 1, 2, 'ddd'),
(120, 20, 110, 46, 1, 1, NULL),
(123, 20, 113, 41, 4, 4, NULL),
(124, 20, 114, 44, 5, 5, NULL),
(126, 21, 115, 39, 1, 4, 'aaa'),
(127, 21, 116, 40, 1, 2, 'cvvv'),
(128, 21, 117, 47, 1, 1, NULL),
(129, 21, 118, 45, 1, 1, NULL),
(130, 21, 119, 46, 1, 1, NULL),
(133, 21, 122, 41, 4, 4, NULL),
(134, 21, 123, 44, 5, 5, NULL),
(136, 22, 131, 39, 1, 3, 'test remarks'),
(137, 22, 132, 40, 1, 1, NULL),
(138, 22, 133, 47, 1, 1, NULL),
(139, 22, 134, 45, 1, 2, 'trest'),
(140, 22, 135, 46, 1, 1, NULL),
(143, 22, 138, 41, 4, 4, NULL),
(144, 22, 139, 43, 3, 3, NULL),
(146, 23, 124, 39, 1, 1, NULL),
(147, 23, 125, 40, 1, 1, NULL),
(148, 23, 126, 47, 1, 1, NULL),
(149, 23, 127, 45, 1, 1, NULL),
(150, 23, 128, 46, 1, 1, NULL),
(151, 23, 129, 42, 2, 2, NULL),
(152, 23, 130, 43, 3, 3, NULL),
(153, 24, 140, 39, 1, 3, 'test 1'),
(154, 24, 141, 40, 1, 2, 'test 2'),
(155, 24, 142, 47, 1, 1, NULL),
(156, 24, 143, 45, 1, 2, 'a'),
(157, 24, 144, 46, 1, 2, 'a'),
(160, 24, 147, 42, 2, 2, NULL),
(161, 24, 148, 44, 5, 5, NULL),
(162, 25, 155, 69, 1, 1, NULL),
(163, 25, 156, 70, 1, 1, NULL),
(164, 25, 157, 80, 1, 1, NULL),
(165, 25, 158, 81, 1, 1, NULL),
(166, 25, 167, 77, 1, 1, NULL),
(167, 25, 168, 79, 1, 1, NULL),
(169, 26, 174, 69, 1, 3, NULL),
(170, 26, 175, 70, 1, 1, NULL),
(171, 26, 176, 80, 1, 1, NULL),
(172, 26, 177, 81, 1, 1, NULL),
(175, 27, 180, 69, 1, 3, NULL),
(176, 27, 181, 70, 1, 3, NULL),
(177, 27, 182, 80, 1, 1, NULL),
(178, 27, 183, 81, 1, 1, NULL),
(184, 28, 161, 69, 1, 4, NULL),
(185, 28, 162, 70, 1, 1, NULL),
(186, 28, 163, 80, 1, 1, NULL),
(187, 28, 164, 81, 1, 1, NULL),
(188, 29, 210, 69, 3, 3, NULL),
(189, 29, 211, 70, 1, 1, NULL),
(190, 29, 212, 80, 2, 2, NULL),
(191, 29, 213, 81, 1, 1, NULL),
(198, 29, 214, 72, 0, 0, NULL),
(199, 29, 215, 78, 1, 1, NULL),
(200, 29, 216, 77, 1, 1, NULL),
(201, 30, 217, 69, 1, 2, NULL),
(202, 30, 218, 70, 1, 2, NULL),
(203, 30, 219, 80, 1, 2, NULL),
(204, 30, 220, 81, 1, 2, NULL),
(223, 30, 221, 72, 0, 0, NULL),
(224, 30, 222, 78, 1, 1, NULL),
(225, 30, 223, 77, 2, 2, NULL),
(226, 31, 224, 69, 1, 3, NULL),
(227, 31, 225, 70, 1, 1, NULL),
(228, 31, 226, 80, 1, 1, NULL),
(229, 31, 227, 81, 1, 2, NULL),
(233, 31, 228, 72, 1, 1, NULL),
(234, 31, 229, 78, 0, 0, NULL),
(235, 31, 230, 79, 2, 2, NULL),
(236, 32, 231, 69, 1, 4, NULL),
(237, 32, 232, 70, 1, 1, NULL),
(238, 32, 233, 80, 1, 3, NULL),
(239, 32, 234, 81, 1, 1, NULL),
(240, 32, 235, 72, 2, 2, NULL),
(241, 32, 236, 78, 0, 0, NULL),
(242, 32, 237, 79, 1, 1, NULL),
(243, 26, 178, 72, 2, 2, NULL),
(244, 26, 179, 78, 1, 1, NULL),
(246, 27, 206, 72, 0, 0, NULL),
(247, 27, 207, 78, 0, 0, NULL),
(248, 27, 208, 77, 1, 1, NULL),
(249, 27, 209, 79, 1, 1, NULL),
(253, 33, 243, 69, 1, 2, NULL),
(254, 33, 244, 70, 1, 2, NULL),
(255, 33, 245, 80, 1, 2, NULL),
(256, 33, 246, 81, 1, 1, NULL),
(260, 33, 247, 72, 3, 3, NULL),
(261, 33, 248, 78, 0, 0, NULL),
(262, 33, 249, 79, 2, 2, NULL);

DROP TABLE IF EXISTS `tbl_ipcr_dean_review`;
CREATE TABLE `tbl_ipcr_dean_review` (
  `review_id` int NOT NULL AUTO_INCREMENT,
  `emp_id` int NOT NULL,
  `term_id` int NOT NULL,
  `dean_id` int NOT NULL,
  `overall_status` varchar(20) DEFAULT 'Pending',
  `overall_remarks` text,
  `reviewed_at` datetime DEFAULT NULL,
  PRIMARY KEY (`review_id`)
) ENGINE=InnoDB AUTO_INCREMENT=11 DEFAULT CHARSET=utf8mb4 COLLATE=utf8mb4_general_ci;

INSERT INTO `tbl_ipcr_dean_review` (`review_id`, `emp_id`, `term_id`, `dean_id`, `overall_status`, `overall_remarks`, `reviewed_at`) VALUES
(9, 64, 11, 4, 'Approved', '', '2026-07-18 10:40:15'),
(10, 94, 11, 4, 'Pending', NULL, NULL);

DROP TABLE IF EXISTS `tbl_ipcr_dean_review_items`;
CREATE TABLE `tbl_ipcr_dean_review_items` (
  `item_id` int NOT NULL AUTO_INCREMENT,
  `review_id` int NOT NULL,
  `draft_id` int DEFAULT NULL,
  `indicator_id` int NOT NULL,
  `original_quantity` int DEFAULT '0',
  `reviewed_quantity` int DEFAULT '0',
  `item_remarks` text,
  PRIMARY KEY (`item_id`)
) ENGINE=InnoDB AUTO_INCREMENT=73 DEFAULT CHARSET=utf8mb4 COLLATE=utf8mb4_general_ci;

INSERT INTO `tbl_ipcr_dean_review_items` (`item_id`, `review_id`, `draft_id`, `indicator_id`, `original_quantity`, `reviewed_quantity`, `item_remarks`) VALUES
(59, 9, 192, 69, 2, 2, ''),
(60, 9, 193, 70, 3, 3, ''),
(61, 9, 194, 71, 1, 1, ''),
(62, 9, 195, 82, 3, 3, ''),
(63, 9, 196, 80, 1, 1, ''),
(64, 9, 197, 81, 1, 1, ''),
(66, 10, 198, 69, 2, 2, NULL),
(67, 10, 199, 69, 2, 2, NULL),
(68, 10, 200, 80, 1, 1, NULL),
(69, 10, 201, 80, 1, 1, NULL);

DROP TABLE IF EXISTS `tbl_ipcr_ret_review`;
CREATE TABLE `tbl_ipcr_ret_review` (
  `review_id` int NOT NULL AUTO_INCREMENT,
  `emp_id` int NOT NULL,
  `term_id` int NOT NULL,
  `ret_chair_emp_id` int NOT NULL,
  `overall_status` enum('Pending','Approved','Rejected') DEFAULT 'Pending',
  `overall_remarks` text,
  `reviewed_at` timestamp NULL DEFAULT NULL,
  `created_at` timestamp NULL DEFAULT CURRENT_TIMESTAMP,
  PRIMARY KEY (`review_id`),
  UNIQUE KEY `uq_ret_review` (`emp_id`,`term_id`),
  CONSTRAINT `fk_ret_review_emp` FOREIGN KEY (`emp_id`) REFERENCES `tbl_employee_profiles` (`emp_id`) ON DELETE CASCADE
) ENGINE=InnoDB AUTO_INCREMENT=10 DEFAULT CHARSET=utf8mb4 COLLATE=utf8mb4_general_ci;

INSERT INTO `tbl_ipcr_ret_review` (`review_id`, `emp_id`, `term_id`, `ret_chair_emp_id`, `overall_status`, `overall_remarks`, `reviewed_at`, `created_at`) VALUES
(1, 53, 11, 49, 'Approved', '', '2026-07-18 11:10:30', '2026-07-18 03:02:33'),
(2, 95, 11, 49, 'Approved', 'test', '2026-07-18 14:59:02', '2026-07-18 06:34:38'),
(3, 83, 11, 49, 'Approved', '', '2026-07-19 11:07:21', '2026-07-18 10:29:58'),
(4, 81, 11, 49, 'Rejected', '', '2026-07-18 20:17:23', '2026-07-18 10:52:29'),
(5, 86, 11, 49, 'Approved', 'test', '2026-07-19 14:55:17', '2026-07-19 05:56:59'),
(6, 87, 11, 49, 'Approved', NULL, NULL, '2026-07-19 07:12:38'),
(7, 88, 11, 49, 'Approved', 'a', '2026-07-19 16:34:53', '2026-07-19 08:14:35'),
(8, 91, 11, 49, 'Approved', 'aaaaa', '2026-07-19 16:57:24', '2026-07-19 08:51:10'),
(9, 96, 11, 49, 'Approved', 'aaaa', '2026-07-19 17:32:24', '2026-07-19 09:23:55');

DROP TABLE IF EXISTS `tbl_ipcr_ret_review_items`;
CREATE TABLE `tbl_ipcr_ret_review_items` (
  `item_id` int NOT NULL AUTO_INCREMENT,
  `review_id` int NOT NULL,
  `draft_id` int NOT NULL,
  `indicator_id` int NOT NULL,
  `original_quantity` int NOT NULL,
  `reviewed_quantity` int NOT NULL,
  `item_remarks` varchar(1000) DEFAULT NULL,
  PRIMARY KEY (`item_id`),
  KEY `review_id` (`review_id`),
  CONSTRAINT `tbl_ipcr_ret_review_items_ibfk_1` FOREIGN KEY (`review_id`) REFERENCES `tbl_ipcr_ret_review` (`review_id`) ON DELETE CASCADE
) ENGINE=InnoDB AUTO_INCREMENT=35 DEFAULT CHARSET=utf8mb4 COLLATE=utf8mb4_general_ci;

INSERT INTO `tbl_ipcr_ret_review_items` (`item_id`, `review_id`, `draft_id`, `indicator_id`, `original_quantity`, `reviewed_quantity`, `item_remarks`) VALUES
(3, 1, 167, 77, 1, 1, NULL),
(4, 1, 168, 79, 1, 1, NULL),
(6, 2, 178, 72, 1, 2, NULL),
(7, 2, 179, 78, 1, 1, NULL),
(10, 4, 165, 72, 1, 0, ''),
(11, 4, 166, 78, 1, 0, ''),
(12, 4, 202, 77, -1, 1, ''),
(13, 4, 203, 79, -1, 1, ''),
(16, 3, 206, 72, -1, 0, ''),
(17, 3, 207, 78, -1, 0, ''),
(18, 3, 208, 77, -1, 1, ''),
(19, 3, 209, 79, -1, 1, ''),
(20, 5, 214, 72, 1, 0, ''),
(21, 5, 215, 78, 1, 1, ''),
(22, 5, 216, 77, -1, 1, ''),
(23, 6, 221, 72, 1, 0, ''),
(24, 6, 222, 78, 1, 1, ''),
(25, 6, 223, 77, -1, 2, ''),
(26, 7, 228, 72, 1, 1, ''),
(27, 7, 229, 78, 1, 0, ''),
(28, 7, 230, 79, -1, 2, ''),
(29, 8, 235, 72, 1, 2, ''),
(30, 8, 236, 78, 1, 0, ''),
(31, 8, 237, 79, -1, 1, ''),
(32, 9, 247, 72, 1, 3, ''),
(33, 9, 248, 78, 1, 0, ''),
(34, 9, 249, 79, -1, 2, '');

DROP TABLE IF EXISTS `tbl_master_indicators`;
CREATE TABLE `tbl_master_indicators` (
  `indicator_id` int NOT NULL AUTO_INCREMENT,
  `category_id` int NOT NULL,
  `indicator_description` text NOT NULL,
  `efficiency_type` varchar(50) NOT NULL,
  `term_id` int DEFAULT NULL,
  `is_custom` tinyint(1) NOT NULL DEFAULT '0',
  PRIMARY KEY (`indicator_id`),
  KEY `fk_master_cat` (`category_id`),
  CONSTRAINT `fk_master_cat` FOREIGN KEY (`category_id`) REFERENCES `tbl_target_categories` (`category_id`)
) ENGINE=InnoDB AUTO_INCREMENT=83 DEFAULT CHARSET=utf8mb4 COLLATE=utf8mb4_general_ci;

INSERT INTO `tbl_master_indicators` (`indicator_id`, `category_id`, `indicator_description`, `efficiency_type`, `term_id`, `is_custom`) VALUES
(1, 1, 'Sample Indicator 1 - 21HRS OF TEACHING', 'Quantity-Based', 2, 0),
(3, 1, 'Sample Indicator 1 - 21HRS OF TEACHING', 'Quantity-Based', 3, 0),
(7, 2, 'sample research', 'Quantity-Based', 3, 0),
(8, 4, 'Sample 2', 'Quantity-Based', 3, 0),
(9, 3, 'Sample Extension 1', 'Quantity-Based', 3, 0),
(10, 2, 'research sample 3', 'Quantity-Based', 3, 0),
(11, 2, 'sample research 4', 'Quantity-Based', 3, 0),
(12, 1, 'INSTRUCT 1', 'Quantity-Based', 4, 0),
(13, 1, 'INSTRUCT 2', 'Quantity-Based', 4, 0),
(14, 2, 'RESA 1

', 'Quantity-Based', 4, 0),
(15, 2, 'RESA 2', 'Quantity-Based', 4, 0),
(16, 3, 'EXT 1', 'Quantity-Based', 4, 0),
(17, 3, 'EXT 2', 'Quantity-Based', 4, 0),
(18, 4, 'SUP 1', 'Quantity-Based', 4, 0),
(19, 4, 'SUP 2', 'Quantity-Based', 4, 0),
(20, 1, 'INSTRUCT 3', 'Quantity-Based', 4, 0),
(21, 1, 'INSTRUCT 1', 'Quantity-Based', 5, 0),
(22, 1, 'INSTRUCT 2', 'Quantity-Based', 5, 0),
(23, 2, 'RESA 1

', 'Quantity-Based', 5, 0),
(24, 2, 'RESA 2', 'Quantity-Based', 5, 0),
(25, 3, 'EXT 1', 'Quantity-Based', 5, 0),
(26, 3, 'EXT 2', 'Quantity-Based', 5, 0),
(27, 4, 'SUP 1', 'Quantity-Based', 5, 0),
(28, 4, 'SUP 2', 'Quantity-Based', 5, 0),
(29, 1, 'INSTRUCT 3', 'Quantity-Based', 5, 0),
(30, 1, 'INSTRUCT 1', 'Quantity-Based', 6, 0),
(31, 1, 'INSTRUCT 2', 'Quantity-Based', 6, 0),
(32, 2, 'RESA 1

', 'Quantity-Based', 6, 0),
(33, 2, 'RESA 2', 'Quantity-Based', 6, 0),
(34, 3, 'EXT 1', 'Quantity-Based', 6, 0),
(35, 3, 'EXT 2', 'Quantity-Based', 6, 0),
(36, 4, 'SUP 1', 'Quantity-Based', 6, 0),
(37, 4, 'SUP 2', 'Quantity-Based', 6, 0),
(38, 1, 'INSTRUCT 3', 'Quantity-Based', 6, 0),
(39, 1, 'INSTRUCT 1', 'Quantity-Based', 7, 0),
(40, 1, 'INSTRUCT 2', 'Quantity-Based', 7, 0),
(41, 2, 'RESA 1

', 'Quantity-Based', 7, 0),
(42, 2, 'RESA 2', 'Quantity-Based', 7, 0),
(43, 3, 'EXT 1', 'Quantity-Based', 7, 0),
(44, 3, 'EXT 2', 'Quantity-Based', 7, 0),
(45, 4, 'SUP 1', 'Quantity-Based', 7, 0),
(46, 4, 'SUP 2', 'Quantity-Based', 7, 0),
(47, 1, 'INSTRUCT 3', 'Quantity-Based', 7, 0),
(48, 5, 'MOCK CUSTOM DESIGNATED TARGET FOR TESTING', 'Output-Based', 7, 1),
(49, 5, 'ADMIN 1', 'Output-Based', 7, 1),
(50, 1, 'INSTRUCT 1', 'Quantity-Based', 8, 0),
(51, 1, 'INSTRUCT 2', 'Quantity-Based', 8, 0),
(52, 2, 'RESA 1

', 'Quantity-Based', 8, 0),
(53, 2, 'RESA 2', 'Quantity-Based', 8, 0),
(54, 3, 'EXT 1', 'Quantity-Based', 8, 0),
(55, 3, 'EXT 2', 'Quantity-Based', 8, 0),
(56, 4, 'SUP 1', 'Quantity-Based', 8, 0),
(57, 4, 'SUP 2', 'Quantity-Based', 8, 0),
(58, 1, 'INSTRUCT 3', 'Quantity-Based', 8, 0),
(59, 5, 'CUS 1', 'Output-Based', 8, 1),
(60, 1, 'INSTRUCT 1', 'Quantity-Based', 9, 0),
(61, 1, 'INSTRUCT 2', 'Quantity-Based', 9, 0),
(62, 2, 'RESA 1

', 'Quantity-Based', 9, 0),
(63, 2, 'RESA 2', 'Quantity-Based', 9, 0),
(64, 3, 'EXT 1', 'Quantity-Based', 9, 0),
(65, 3, 'EXT 2', 'Quantity-Based', 9, 0),
(66, 4, 'SUP 1', 'Quantity-Based', 9, 0),
(67, 4, 'SUP 2', 'Quantity-Based', 9, 0),
(68, 1, 'INSTRUCT 3', 'Quantity-Based', 9, 0),
(69, 1, 'instruction 1', 'Quantity-Based', 11, 0),
(70, 1, 'instruction 2', 'Quantity-Based', 11, 0),
(71, 1, 'instruction 3', 'Quantity-Based', 11, 0),
(72, 2, 'res 1', 'Quantity-Based', 11, 0),
(77, 2, 'res 2', 'Quantity-Based', 11, 0),
(78, 3, 'ext 1', 'Quantity-Based', 11, 0),
(79, 3, 'ext 2', 'Quantity-Based', 11, 0),
(80, 4, 'supot 1', 'Quantity-Based', 11, 0),
(81, 4, 'supot 2', 'Quantity-Based', 11, 0),
(82, 1, 'custom 1', 'Output-Based', 11, 1);

DROP TABLE IF EXISTS `tbl_research_options`;
CREATE TABLE `tbl_research_options` (
  `option_id` int NOT NULL AUTO_INCREMENT,
  `term_id` int NOT NULL,
  `academic_rank` varchar(100) NOT NULL,
  `indicator_id` int NOT NULL,
  PRIMARY KEY (`option_id`),
  KEY `fk_opt_term` (`term_id`),
  KEY `fk_opt_indicator` (`indicator_id`),
  CONSTRAINT `fk_opt_indicator` FOREIGN KEY (`indicator_id`) REFERENCES `tbl_master_indicators` (`indicator_id`) ON DELETE CASCADE,
  CONSTRAINT `fk_opt_term` FOREIGN KEY (`term_id`) REFERENCES `tbl_academic_terms` (`term_id`) ON DELETE CASCADE
) ENGINE=InnoDB DEFAULT CHARSET=utf8mb4 COLLATE=utf8mb4_general_ci;

DROP TABLE IF EXISTS `tbl_research_requirements`;
CREATE TABLE `tbl_research_requirements` (
  `req_id` int NOT NULL AUTO_INCREMENT,
  `term_id` int NOT NULL,
  `academic_rank` varchar(100) NOT NULL,
  `required_selections` int NOT NULL DEFAULT '1',
  PRIMARY KEY (`req_id`),
  KEY `fk_req_term` (`term_id`),
  CONSTRAINT `fk_req_term` FOREIGN KEY (`term_id`) REFERENCES `tbl_academic_terms` (`term_id`) ON DELETE CASCADE
) ENGINE=InnoDB DEFAULT CHARSET=utf8mb4 COLLATE=utf8mb4_general_ci;

DROP TABLE IF EXISTS `tbl_ret_rule_indicators`;
CREATE TABLE `tbl_ret_rule_indicators` (
  `rule_indicator_id` int NOT NULL AUTO_INCREMENT,
  `rule_id` int NOT NULL,
  `indicator_id` int NOT NULL,
  `target_quantity` int DEFAULT '1',
  PRIMARY KEY (`rule_indicator_id`),
  KEY `rule_id` (`rule_id`),
  KEY `indicator_id` (`indicator_id`),
  CONSTRAINT `tbl_ret_rule_indicators_ibfk_1` FOREIGN KEY (`rule_id`) REFERENCES `tbl_ret_rules` (`rule_id`) ON DELETE CASCADE,
  CONSTRAINT `tbl_ret_rule_indicators_ibfk_2` FOREIGN KEY (`indicator_id`) REFERENCES `tbl_master_indicators` (`indicator_id`) ON DELETE CASCADE
) ENGINE=InnoDB AUTO_INCREMENT=17 DEFAULT CHARSET=utf8mb4 COLLATE=utf8mb4_general_ci;

INSERT INTO `tbl_ret_rule_indicators` (`rule_indicator_id`, `rule_id`, `indicator_id`, `target_quantity`) VALUES
(13, 7, 72, 1),
(14, 7, 77, 1),
(15, 8, 78, 1),
(16, 8, 79, 1);

DROP TABLE IF EXISTS `tbl_ret_rules`;
CREATE TABLE `tbl_ret_rules` (
  `rule_id` int NOT NULL AUTO_INCREMENT,
  `academic_rank` varchar(255) NOT NULL,
  `required_selections` int NOT NULL,
  PRIMARY KEY (`rule_id`)
) ENGINE=InnoDB AUTO_INCREMENT=9 DEFAULT CHARSET=utf8mb4 COLLATE=utf8mb4_general_ci;

INSERT INTO `tbl_ret_rules` (`rule_id`, `academic_rank`, `required_selections`) VALUES
(7, 'Instructor I', 1),
(8, 'Instructor I', 1);

DROP TABLE IF EXISTS `tbl_system_access`;
CREATE TABLE `tbl_system_access` (
  `emp_id` int NOT NULL,
  `system_role` varchar(50) NOT NULL,
  `account_status` varchar(50) DEFAULT 'Pending',
  PRIMARY KEY (`emp_id`),
  CONSTRAINT `fk_access_emp` FOREIGN KEY (`emp_id`) REFERENCES `tbl_employee_profiles` (`emp_id`)
) ENGINE=InnoDB DEFAULT CHARSET=utf8mb4 COLLATE=utf8mb4_general_ci;

INSERT INTO `tbl_system_access` (`emp_id`, `system_role`, `account_status`) VALUES
(3, 'Admin', 'Active'),
(4, 'DEAN', 'Active'),
(49, 'RET_CHAIR', 'Active'),
(50, 'DESIGNATED_FACULTY', 'Active'),
(51, 'FACULTY', 'Active'),
(52, 'PROGRAM_CHAIR', 'Active'),
(53, 'FACULTY', 'Active'),
(63, 'FACULTY', 'Active'),
(64, 'DESIGNATED_FACULTY', 'Approved'),
(76, 'FACULTY', 'Inactive'),
(81, 'FACULTY', 'Active'),
(83, 'FACULTY', 'Active'),
(86, 'FACULTY', 'Active'),
(87, 'FACULTY', 'Active'),
(88, 'FACULTY', 'Active'),
(90, 'FACULTY', 'Active'),
(91, 'FACULTY', 'Active'),
(92, 'FACULTY', 'Active'),
(94, 'DESIGNATED_FACULTY', 'Active'),
(95, 'FACULTY', 'Active'),
(96, 'FACULTY', 'Active');

DROP TABLE IF EXISTS `tbl_target_categories`;
CREATE TABLE `tbl_target_categories` (
  `category_id` int NOT NULL AUTO_INCREMENT,
  `category_name` varchar(100) NOT NULL,
  PRIMARY KEY (`category_id`),
  UNIQUE KEY `category_name` (`category_name`)
) ENGINE=InnoDB AUTO_INCREMENT=6 DEFAULT CHARSET=utf8mb4 COLLATE=utf8mb4_general_ci;

INSERT INTO `tbl_target_categories` (`category_id`, `category_name`) VALUES
(1, 'A. Instructions'),
(2, 'A. Research'),
(3, 'B. Extension Services / Training / Advisory'),
(5, 'Custom Target Items'),
(4, 'Support Functions');

SET FOREIGN_KEY_CHECKS=1;
